class,I-AUROC,I-AUROC(%)
candle,0.8743000000000001,87.43
capsules,0.7216666666666668,72.16666666666669
cashew,0.9582,95.82000000000001
chewinggum,0.971,97.1
fryum,0.843,84.3
macaroni1,0.8864,88.64
macaroni2,0.7802,78.02
pcb1,0.706,70.6
pcb2,0.6894,68.94
pcb3,0.7672277227722772,76.72277227722772
pcb4,0.7624752475247525,76.24752475247524
pipe_fryum,0.9675999999999999,96.75999999999999
