class,I-AUROC
candle,0.8094
capsules,0.8278333333333334
cashew,0.7596
chewinggum,0.9722
fryum,0.927
macaroni1,0.8674000000000001
macaroni2,0.7221000000000001
pcb1,0.8519000000000001
pcb2,0.6205
pcb3,0.6168316831683168
pcb4,0.938910891089109
pipe_fryum,0.9228
