class,I-AUROC
candle,0.8094000220298767
capsules,0.827833354473114
cashew,0.7595999836921692
chewinggum,0.9722000360488892
fryum,0.9270000457763672
macaroni1,0.8673999905586243
macaroni2,0.7220999002456665
pcb1,0.8518999814987183
pcb2,0.6204999685287476
pcb3,0.6168316602706909
pcb4,0.9389108419418335
pipe_fryum,0.9227999448776245
