class,I-AUROC
candle,0.8743000626564026
capsules,0.721666693687439
chewinggum,0.9709999561309814
fryum,0.8429999947547913
pcb1,0.706000030040741
pcb4,0.7624752521514893
pipe_fryum,0.9676000475883484
