class,I-AUROC
candle,0.8743
capsules,0.9388333333333333
cashew,0.8610000000000001
chewinggum,0.9672
fryum,0.9148
macaroni1,0.8327
macaroni2,0.6990999999999999
pcb1,0.841
pcb2,0.6462
pcb3,0.6534653465346535
pcb4,0.9773267326732673
pipe_fryum,0.9666
