class,I-AUROC
bottle,0.9071428571428571
cable,0.8363943028485757
capsule,0.9517351416035102
hazelnut,0.9478571428571428
metal_nut,0.936950146627566
pill,0.86797599563557
screw,0.8585775773724125
toothbrush,0.8638888888888889
transistor,0.8866666666666666
zipper,0.9926470588235294
wood,0.9868421052631577
tile,0.9963924963924964
grid,0.989139515455305
leather,0.9996603260869565
carpet,1.0
