class,I-AUROC,I-AUROC(%)
candle,0.9458,94.58
capsules,0.7926666666666665,79.26666666666665
cashew,0.862,86.2
chewinggum,0.9842,98.42
fryum,0.8996,89.96
macaroni1,0.8271,82.71
macaroni2,0.715,71.5
pcb1,0.7738,77.38000000000001
pcb2,0.6613999999999999,66.13999999999999
pcb3,0.6546534653465346,65.46534653465346
pcb4,0.8527722772277228,85.27722772277228
pipe_fryum,0.984,98.4
