class,I-AUROC,P-AUROC,P-AP
toothbrush,0.8638888597488403,0.8768408894538879,0.13529877364635468
