dataset,class,defect_type,adaptclip,anomalyclip,mean_auroc_pct,both_low
visa,pcb2,Anomaly,66.13999999999999,68.94,67.53999999999999,True
visa,pcb3,Anomaly,65.46534653465346,76.72277227722772,71.09405940594058,True
visa,macaroni2,Anomaly,71.5,78.02,74.75999999999999,True
