class,I-AUROC,I-AUROC(%)
candle,0.9494,94.94
capsules,0.797,79.7
cashew,0.9095000000000001,90.95
chewinggum,0.9568,95.67999999999999
fryum,0.7347,73.47
macaroni1,0.7883,78.83
macaroni2,0.66795,66.795
pcb1,0.72035,72.03500000000001
pcb2,0.4703,47.03
pcb3,0.6365841584158416,63.65841584158416
pcb4,0.7483168316831683,74.83168316831683
pipe_fryum,0.6764,67.64
