class,I-AUROC
candle,0.9494
capsules,0.797
cashew,0.9095000000000001
chewinggum,0.9568
fryum,0.7347
macaroni1,0.7883
macaroni2,0.66795
pcb1,0.72035
pcb2,0.4703
pcb3,0.6365841584158416
pcb4,0.7483168316831683
pipe_fryum,0.6764
