class,I-AUROC
candle,0.949400007724762
capsules,0.7969999313354492
chewinggum,0.9568000435829163
fryum,0.7346999645233154
pcb1,0.7203499674797058
pcb4,0.7483168244361877
pipe_fryum,0.6763999462127686
